Workbook
Name Liste_Catég.: Listes!$A$2:$A$22
Name ListePara: Listes!$G$2:$G$10

Sheet Utilisation
A2: Formulaire de gestion des inscriptions Pole Dance
A4: Comment ça fonctionne ?
A6: Nul besoin de remplir la colonne passage dès le départ !
A7: La colonne "Catégorie" est calculée automatiquement !
A9: 1. | B9: Je rentre le NOM DE FAMILLE du candidat en colonne C et son prénom en colonne D
B10: Pour les DUOS, le second candidat doit être rentré en colonnes H et I suivant le même principe
A12: 2. | B12: Je rentre la date de naissance du candidat en colonne E. S'il s'agit d'un DUO, je rentre la date de naissance du second participant en colonne J
A14: 3. | B14: NOUVEAUTE : Vous devez préciser le sexe du candidat en colonne F
B15: NB: Cette information sert à calculer la catégorie définitive (calcul caché) et remplira automatiquement la colonne "Catégorie"
A17: 4. | B17: Si le candidat est Résident (étranger résidant en France), utilisez la liste déroulante en colonne G (et L dans le cas d'un résident en position 2 dans un DUO) pour le signaler
A19: 5. | B19: Cas des catégories PARAPOLE : En colonne M, utilisez la liste déroulante pour mettre OUI, ce qui rendra la liste déroulante en colonne N active. Choisissez ensuite dans cette liste déroulante le type de handicap. La catégorie se mettra à jour automatiquement, ne tenant plus compte de la date de naissance.
A21: 6. | B21: Lorsque les inscriptions sont closes et que vous décidez de l'ordre de passage, mettre le chiffre correspondant en face du candidat dans la colonne A
A23: 7. | B23: Vous transmettez le fichier complété au scrutateur désigné pour la compétition.

Sheet Candidats
C1: Participant 1 | H1: Participant 2 | M1: A remplir si Parapole
A2: Passage | B2: Catégorie | C2: Nom (en majuscules) | D2: Prénom | E2: Date de Naissance | F2: Sexe | G2: Résident | H2: Nom (en majuscules) | I2: Prénom | J2: Date de Naissance | K2: Sexe | L2: Résident | M2: Para | N2: Catég. PARA
B3: =Scrutateur!E3
B4: =Scrutateur!E4
B5: =Scrutateur!E5
B6: =Scrutateur!E6
B7: =Scrutateur!E7
B8: =Scrutateur!E8
B9: =Scrutateur!E9
B10: =Scrutateur!E10
B11: =Scrutateur!E11
B12: =Scrutateur!E12
B13: =Scrutateur!E13
B14: =Scrutateur!E14
... B102: =Scrutateur!E102

Sheet Listes
A1: Catégories | C1: Résident | D1: Sexe | E1: Référence de la saison | G1: Para
A2: Junior 1 | B2: 5 | C2: Résident | D2: Femme | E2: =DATE(IF(MONTH(TODAY())<9, YEAR(TODAY()), YEAR(TODAY())+1), 8, 31) -> 46265 | G2: Altération de la capacité musculaire
A3: Junior 2 | B3: 6 | D3: Homme | G3: Altération de l'amplitude des mouvements
A4: Master 40+ Femme | B4: 7 | G4: Ataxia
A5: Master 40+ Homme | B5: 8 | G5: Athetosis
A6: Master 50+ Femme | B6: 9 | G6: Déficience d'un membre
A7: Master 50+ Homme | B7: 10 | G7: Déficience visuelle
A8: Adultes Femmes | B8: 1 | G8: Différence de longueur des jambes
A9: Adultes Hommes | B9: 2 | G9: Hypertonie
A10: Doubles Juniors 2 | B10: 3 | G10: Petite taille
A11: Doubles Adultes | B11: 4
A12: Parapole - Déficience visuelle | B12: 16
A13: Parapole - Altération de la capacité musculaire | B13: 12
A14: Parapole - Altération de l'amplitude des mouvements | B14: 11
A15: Parapole - Déficience d'un membre | B15: 15
A16: Parapole - Différence de longueur des jambes | B16: 17
A17: Parapole - Petite taille | B17: 19
A18: Parapole - Hypertonie | B18: 18
A19: Parapole - Ataxia | B19: 13
A20: Parapole - Athetosis | B20: 14
A21: -
A22: FIN

Sheet Scrutateur
A2: Age 1 | B2: Catégorie 1 | C2: Age 2 | D2: Catégorie 2 | E2: Finale
A3: =IF(ISBLANK(Candidats!E3),"",DATEDIF(Candidats!E3,Listes!$E$2,"y")) | B3: =IF(ISBLANK(Candidats!E3),"",IF(Scrutateur!A3<10,"Benjamin",IF(Scrutateur!A3<14,"Junior 1",IF(Scrutateur!A3<18,"Junior 2",IF(Scrutateur!A3<40,"Adulte",IF(Scrutateur!A3<50,"Master 40+","Master 50+")))))) | C3: =IF(ISBLANK(Candidats!J3),"",DATEDIF(Candidats!J3,Listes!$E$2,"y")) | D3: =IF(ISBLANK(Candidats!J3),"",IF(Scrutateur!C3<10,"Benjamin",IF(Scrutateur!C3<14,"Junior 1",IF(Scrutateur!C3<18,"Junior 2",IF(Scrutateur!C3<40,"Adulte",IF(Scrutateur!C3<50,"Master 40+","Master 50+")))))) | E3: =IF(Candidats!$M3="OUI",IF(Candidats!$N3="","","Parapole - "&Candidats!$N3),IF(Candidats!$C3="","",IF(Candidats!$H3="",IF(OR($B3="Benjamin",$B3="Junior 1",$B3="Junior 2"),$B3,IF(Candidats!$F3="","",$B3&" "&Candidats!$F3)),IF(AND(COUNTIF($B3,"*Junior*")>0,COUNTIF($D3,"*Junior*")>0),"Double Juniors","Double Adultes"))))
A4: =IF(ISBLANK(Candidats!E4),"",DATEDIF(Candidats!E4,Listes!$E$2,"y")) | B4: =IF(ISBLANK(Candidats!E4),"",IF(Scrutateur!A4<10,"Benjamin",IF(Scrutateur!A4<14,"Junior 1",IF(Scrutateur!A4<18,"Junior 2",IF(Scrutateur!A4<40,"Adulte",IF(Scrutateur!A4<50,"Master 40+","Master 50+")))))) | C4: =IF(ISBLANK(Candidats!J4),"",DATEDIF(Candidats!J4,Listes!$E$2,"y")) | D4: =IF(ISBLANK(Candidats!J4),"",IF(Scrutateur!C4<10,"Benjamin",IF(Scrutateur!C4<14,"Junior 1",IF(Scrutateur!C4<18,"Junior 2",IF(Scrutateur!C4<40,"Adulte",IF(Scrutateur!C4<50,"Master 40+","Master 50+")))))) | E4: =IF(Candidats!$M4="OUI",IF(Candidats!$N4="","","Parapole - "&Candidats!$N4),IF(Candidats!$C4="","",IF(Candidats!$H4="",IF(OR($B4="Benjamin",$B4="Junior 1",$B4="Junior 2"),$B4,IF(Candidats!$F4="","",$B4&" "&Candidats!$F4)),IF(AND(COUNTIF($B4,"*Junior*")>0,COUNTIF($D4,"*Junior*")>0),"Double Juniors","Double Adultes"))))
A5: =IF(ISBLANK(Candidats!E5),"",DATEDIF(Candidats!E5,Listes!$E$2,"y")) | B5: =IF(ISBLANK(Candidats!E5),"",IF(Scrutateur!A5<10,"Benjamin",IF(Scrutateur!A5<14,"Junior 1",IF(Scrutateur!A5<18,"Junior 2",IF(Scrutateur!A5<40,"Adulte",IF(Scrutateur!A5<50,"Master 40+","Master 50+")))))) | C5: =IF(ISBLANK(Candidats!J5),"",DATEDIF(Candidats!J5,Listes!$E$2,"y")) | D5: =IF(ISBLANK(Candidats!J5),"",IF(Scrutateur!C5<10,"Benjamin",IF(Scrutateur!C5<14,"Junior 1",IF(Scrutateur!C5<18,"Junior 2",IF(Scrutateur!C5<40,"Adulte",IF(Scrutateur!C5<50,"Master 40+","Master 50+")))))) | E5: =IF(Candidats!$M5="OUI",IF(Candidats!$N5="","","Parapole - "&Candidats!$N5),IF(Candidats!$C5="","",IF(Candidats!$H5="",IF(OR($B5="Benjamin",$B5="Junior 1",$B5="Junior 2"),$B5,IF(Candidats!$F5="","",$B5&" "&Candidats!$F5)),IF(AND(COUNTIF($B5,"*Junior*")>0,COUNTIF($D5,"*Junior*")>0),"Double Juniors","Double Adultes"))))
A6: =IF(ISBLANK(Candidats!E6),"",DATEDIF(Candidats!E6,Listes!$E$2,"y")) | B6: =IF(ISBLANK(Candidats!E6),"",IF(Scrutateur!A6<10,"Benjamin",IF(Scrutateur!A6<14,"Junior 1",IF(Scrutateur!A6<18,"Junior 2",IF(Scrutateur!A6<40,"Adulte",IF(Scrutateur!A6<50,"Master 40+","Master 50+")))))) | C6: =IF(ISBLANK(Candidats!J6),"",DATEDIF(Candidats!J6,Listes!$E$2,"y")) | D6: =IF(ISBLANK(Candidats!J6),"",IF(Scrutateur!C6<10,"Benjamin",IF(Scrutateur!C6<14,"Junior 1",IF(Scrutateur!C6<18,"Junior 2",IF(Scrutateur!C6<40,"Adulte",IF(Scrutateur!C6<50,"Master 40+","Master 50+")))))) | E6: =IF(Candidats!$M6="OUI",IF(Candidats!$N6="","","Parapole - "&Candidats!$N6),IF(Candidats!$C6="","",IF(Candidats!$H6="",IF(OR($B6="Benjamin",$B6="Junior 1",$B6="Junior 2"),$B6,IF(Candidats!$F6="","",$B6&" "&Candidats!$F6)),IF(AND(COUNTIF($B6,"*Junior*")>0,COUNTIF($D6,"*Junior*")>0),"Double Juniors","Double Adultes"))))
A7: =IF(ISBLANK(Candidats!E7),"",DATEDIF(Candidats!E7,Listes!$E$2,"y")) | B7: =IF(ISBLANK(Candidats!E7),"",IF(Scrutateur!A7<10,"Benjamin",IF(Scrutateur!A7<14,"Junior 1",IF(Scrutateur!A7<18,"Junior 2",IF(Scrutateur!A7<40,"Adulte",IF(Scrutateur!A7<50,"Master 40+","Master 50+")))))) | C7: =IF(ISBLANK(Candidats!J7),"",DATEDIF(Candidats!J7,Listes!$E$2,"y")) | D7: =IF(ISBLANK(Candidats!J7),"",IF(Scrutateur!C7<10,"Benjamin",IF(Scrutateur!C7<14,"Junior 1",IF(Scrutateur!C7<18,"Junior 2",IF(Scrutateur!C7<40,"Adulte",IF(Scrutateur!C7<50,"Master 40+","Master 50+")))))) | E7: =IF(Candidats!$M7="OUI",IF(Candidats!$N7="","","Parapole - "&Candidats!$N7),IF(Candidats!$C7="","",IF(Candidats!$H7="",IF(OR($B7="Benjamin",$B7="Junior 1",$B7="Junior 2"),$B7,IF(Candidats!$F7="","",$B7&" "&Candidats!$F7)),IF(AND(COUNTIF($B7,"*Junior*")>0,COUNTIF($D7,"*Junior*")>0),"Double Juniors","Double Adultes"))))
A8: =IF(ISBLANK(Candidats!E8),"",DATEDIF(Candidats!E8,Listes!$E$2,"y")) | B8: =IF(ISBLANK(Candidats!E8),"",IF(Scrutateur!A8<10,"Benjamin",IF(Scrutateur!A8<14,"Junior 1",IF(Scrutateur!A8<18,"Junior 2",IF(Scrutateur!A8<40,"Adulte",IF(Scrutateur!A8<50,"Master 40+","Master 50+")))))) | C8: =IF(ISBLANK(Candidats!J8),"",DATEDIF(Candidats!J8,Listes!$E$2,"y")) | D8: =IF(ISBLANK(Candidats!J8),"",IF(Scrutateur!C8<10,"Benjamin",IF(Scrutateur!C8<14,"Junior 1",IF(Scrutateur!C8<18,"Junior 2",IF(Scrutateur!C8<40,"Adulte",IF(Scrutateur!C8<50,"Master 40+","Master 50+")))))) | E8: =IF(Candidats!$M8="OUI",IF(Candidats!$N8="","","Parapole - "&Candidats!$N8),IF(Candidats!$C8="","",IF(Candidats!$H8="",IF(OR($B8="Benjamin",$B8="Junior 1",$B8="Junior 2"),$B8,IF(Candidats!$F8="","",$B8&" "&Candidats!$F8)),IF(AND(COUNTIF($B8,"*Junior*")>0,COUNTIF($D8,"*Junior*")>0),"Double Juniors","Double Adultes"))))
A9: =IF(ISBLANK(Candidats!E9),"",DATEDIF(Candidats!E9,Listes!$E$2,"y")) | B9: =IF(ISBLANK(Candidats!E9),"",IF(Scrutateur!A9<10,"Benjamin",IF(Scrutateur!A9<14,"Junior 1",IF(Scrutateur!A9<18,"Junior 2",IF(Scrutateur!A9<40,"Adulte",IF(Scrutateur!A9<50,"Master 40+","Master 50+")))))) | C9: =IF(ISBLANK(Candidats!J9),"",DATEDIF(Candidats!J9,Listes!$E$2,"y")) | D9: =IF(ISBLANK(Candidats!J9),"",IF(Scrutateur!C9<10,"Benjamin",IF(Scrutateur!C9<14,"Junior 1",IF(Scrutateur!C9<18,"Junior 2",IF(Scrutateur!C9<40,"Adulte",IF(Scrutateur!C9<50,"Master 40+","Master 50+")))))) | E9: =IF(Candidats!$M9="OUI",IF(Candidats!$N9="","","Parapole - "&Candidats!$N9),IF(Candidats!$C9="","",IF(Candidats!$H9="",IF(OR($B9="Benjamin",$B9="Junior 1",$B9="Junior 2"),$B9,IF(Candidats!$F9="","",$B9&" "&Candidats!$F9)),IF(AND(COUNTIF($B9,"*Junior*")>0,COUNTIF($D9,"*Junior*")>0),"Double Juniors","Double Adultes"))))
A10: =IF(ISBLANK(Candidats!E10),"",DATEDIF(Candidats!E10,Listes!$E$2,"y")) | B10: =IF(ISBLANK(Candidats!E10),"",IF(Scrutateur!A10<10,"Benjamin",IF(Scrutateur!A10<14,"Junior 1",IF(Scrutateur!A10<18,"Junior 2",IF(Scrutateur!A10<40,"Adulte",IF(Scrutateur!A10<50,"Master 40+","Master 50+")))))) | C10: =IF(ISBLANK(Candidats!J10),"",DATEDIF(Candidats!J10,Listes!$E$2,"y")) | D10: =IF(ISBLANK(Candidats!J10),"",IF(Scrutateur!C10<10,"Benjamin",IF(Scrutateur!C10<14,"Junior 1",IF(Scrutateur!C10<18,"Junior 2",IF(Scrutateur!C10<40,"Adulte",IF(Scrutateur!C10<50,"Master 40+","Master 50+")))))) | E10: =IF(Candidats!$M10="OUI",IF(Candidats!$N10="","","Parapole - "&Candidats!$N10),IF(Candidats!$C10="","",IF(Candidats!$H10="",IF(OR($B10="Benjamin",$B10="Junior 1",$B10="Junior 2"),$B10,IF(Candidats!$F10="","",$B10&" "&Candidats!$F10)),IF(AND(COUNTIF($B10,"*Junior*")>0,COUNTIF($D10,"*Junior*")>0),"Double Juniors","Double Adultes"))))
A11: =IF(ISBLANK(Candidats!E11),"",DATEDIF(Candidats!E11,Listes!$E$2,"y")) | B11: =IF(ISBLANK(Candidats!E11),"",IF(Scrutateur!A11<10,"Benjamin",IF(Scrutateur!A11<14,"Junior 1",IF(Scrutateur!A11<18,"Junior 2",IF(Scrutateur!A11<40,"Adulte",IF(Scrutateur!A11<50,"Master 40+","Master 50+")))))) | C11: =IF(ISBLANK(Candidats!J11),"",DATEDIF(Candidats!J11,Listes!$E$2,"y")) | D11: =IF(ISBLANK(Candidats!J11),"",IF(Scrutateur!C11<10,"Benjamin",IF(Scrutateur!C11<14,"Junior 1",IF(Scrutateur!C11<18,"Junior 2",IF(Scrutateur!C11<40,"Adulte",IF(Scrutateur!C11<50,"Master 40+","Master 50+")))))) | E11: =IF(Candidats!$M11="OUI",IF(Candidats!$N11="","","Parapole - "&Candidats!$N11),IF(Candidats!$C11="","",IF(Candidats!$H11="",IF(OR($B11="Benjamin",$B11="Junior 1",$B11="Junior 2"),$B11,IF(Candidats!$F11="","",$B11&" "&Candidats!$F11)),IF(AND(COUNTIF($B11,"*Junior*")>0,COUNTIF($D11,"*Junior*")>0),"Double Juniors","Double Adultes"))))
A12: =IF(ISBLANK(Candidats!E12),"",DATEDIF(Candidats!E12,Listes!$E$2,"y")) | B12: =IF(ISBLANK(Candidats!E12),"",IF(Scrutateur!A12<10,"Benjamin",IF(Scrutateur!A12<14,"Junior 1",IF(Scrutateur!A12<18,"Junior 2",IF(Scrutateur!A12<40,"Adulte",IF(Scrutateur!A12<50,"Master 40+","Master 50+")))))) | C12: =IF(ISBLANK(Candidats!J12),"",DATEDIF(Candidats!J12,Listes!$E$2,"y")) | D12: =IF(ISBLANK(Candidats!J12),"",IF(Scrutateur!C12<10,"Benjamin",IF(Scrutateur!C12<14,"Junior 1",IF(Scrutateur!C12<18,"Junior 2",IF(Scrutateur!C12<40,"Adulte",IF(Scrutateur!C12<50,"Master 40+","Master 50+")))))) | E12: =IF(Candidats!$M12="OUI",IF(Candidats!$N12="","","Parapole - "&Candidats!$N12),IF(Candidats!$C12="","",IF(Candidats!$H12="",IF(OR($B12="Benjamin",$B12="Junior 1",$B12="Junior 2"),$B12,IF(Candidats!$F12="","",$B12&" "&Candidats!$F12)),IF(AND(COUNTIF($B12,"*Junior*")>0,COUNTIF($D12,"*Junior*")>0),"Double Juniors","Double Adultes"))))
A13: =IF(ISBLANK(Candidats!E13),"",DATEDIF(Candidats!E13,Listes!$E$2,"y")) | B13: =IF(ISBLANK(Candidats!E13),"",IF(Scrutateur!A13<10,"Benjamin",IF(Scrutateur!A13<14,"Junior 1",IF(Scrutateur!A13<18,"Junior 2",IF(Scrutateur!A13<40,"Adulte",IF(Scrutateur!A13<50,"Master 40+","Master 50+")))))) | C13: =IF(ISBLANK(Candidats!J13),"",DATEDIF(Candidats!J13,Listes!$E$2,"y")) | D13: =IF(ISBLANK(Candidats!J13),"",IF(Scrutateur!C13<10,"Benjamin",IF(Scrutateur!C13<14,"Junior 1",IF(Scrutateur!C13<18,"Junior 2",IF(Scrutateur!C13<40,"Adulte",IF(Scrutateur!C13<50,"Master 40+","Master 50+")))))) | E13: =IF(Candidats!$M13="OUI",IF(Candidats!$N13="","","Parapole - "&Candidats!$N13),IF(Candidats!$C13="","",IF(Candidats!$H13="",IF(OR($B13="Benjamin",$B13="Junior 1",$B13="Junior 2"),$B13,IF(Candidats!$F13="","",$B13&" "&Candidats!$F13)),IF(AND(COUNTIF($B13,"*Junior*")>0,COUNTIF($D13,"*Junior*")>0),"Double Juniors","Double Adultes"))))
A14: =IF(ISBLANK(Candidats!E14),"",DATEDIF(Candidats!E14,Listes!$E$2,"y")) | B14: =IF(ISBLANK(Candidats!E14),"",IF(Scrutateur!A14<10,"Benjamin",IF(Scrutateur!A14<14,"Junior 1",IF(Scrutateur!A14<18,"Junior 2",IF(Scrutateur!A14<40,"Adulte",IF(Scrutateur!A14<50,"Master 40+","Master 50+")))))) | C14: =IF(ISBLANK(Candidats!J14),"",DATEDIF(Candidats!J14,Listes!$E$2,"y")) | D14: =IF(ISBLANK(Candidats!J14),"",IF(Scrutateur!C14<10,"Benjamin",IF(Scrutateur!C14<14,"Junior 1",IF(Scrutateur!C14<18,"Junior 2",IF(Scrutateur!C14<40,"Adulte",IF(Scrutateur!C14<50,"Master 40+","Master 50+")))))) | E14: =IF(Candidats!$M14="OUI",IF(Candidats!$N14="","","Parapole - "&Candidats!$N14),IF(Candidats!$C14="","",IF(Candidats!$H14="",IF(OR($B14="Benjamin",$B14="Junior 1",$B14="Junior 2"),$B14,IF(Candidats!$F14="","",$B14&" "&Candidats!$F14)),IF(AND(COUNTIF($B14,"*Junior*")>0,COUNTIF($D14,"*Junior*")>0),"Double Juniors","Double Adultes"))))
... A97: =IF(ISBLANK(Candidats!E97),"",DATEDIF(Candidats!E97,Listes!$E$2,"y")) | B97: =IF(ISBLANK(Candidats!E97),"",IF(Scrutateur!A97<10,"Benjamin",IF(Scrutateur!A97<14,"Junior 1",IF(Scrutateur!A97<18,"Junior 2",IF(Scrutateur!A97<40,"Adulte",IF(Scrutateur!A97<50,"Master 40+","Master 50+")))))) | C97: =IF(ISBLANK(Candidats!J97),"",DATEDIF(Candidats!J97,Listes!$E$2,"y")) | D97: =IF(ISBLANK(Candidats!J97),"",IF(Scrutateur!C97<10,"Benjamin",IF(Scrutateur!C97<14,"Junior 1",IF(Scrutateur!C97<18,"Junior 2",IF(Scrutateur!C97<40,"Adulte",IF(Scrutateur!C97<50,"Master 40+","Master 50+")))))) | E97: =IF(Candidats!$M97="OUI",IF(Candidats!$N97="","","Parapole - "&Candidats!$N97),IF(Candidats!$C97="","",IF(Candidats!$H97="",IF(OR($B97="Benjamin",$B97="Junior 1",$B97="Junior 2"),$B97,IF(Candidats!$F97="","",$B97&" "&Candidats!$F97)),IF(AND(COUNTIF($B97,"*Junior*")>0,COUNTIF($D97,"*Junior*")>0),"Double Juniors","Double Adultes"))))
A98: =IF(ISBLANK(Candidats!E99),"",DATEDIF(Candidats!E99,Listes!$E$2,"y")) | B98: =IF(ISBLANK(Candidats!E99),"",IF(Scrutateur!A98<10,"Benjamin",IF(Scrutateur!A98<14,"Junior 1",IF(Scrutateur!A98<18,"Junior 2",IF(Scrutateur!A98<40,"Adulte",IF(Scrutateur!A98<50,"Master 40+","Master 50+")))))) | C98: =IF(ISBLANK(Candidats!J99),"",DATEDIF(Candidats!J99,Listes!$E$2,"y")) | D98: =IF(ISBLANK(Candidats!J99),"",IF(Scrutateur!C98<10,"Benjamin",IF(Scrutateur!C98<14,"Junior 1",IF(Scrutateur!C98<18,"Junior 2",IF(Scrutateur!C98<40,"Adulte",IF(Scrutateur!C98<50,"Master 40+","Master 50+")))))) | E98: =IF(Candidats!$M99="OUI",IF(Candidats!$N99="","","Parapole - "&Candidats!$N99),IF(Candidats!$C99="","",IF(Candidats!$H99="",IF(OR($B98="Benjamin",$B98="Junior 1",$B98="Junior 2"),$B98,IF(Candidats!$F99="","",$B98&" "&Candidats!$F99)),IF(AND(COUNTIF($B98,"*Junior*")>0,COUNTIF($D98,"*Junior*")>0),"Double Juniors","Double Adultes"))))
A99: =IF(ISBLANK(Candidats!E100),"",DATEDIF(Candidats!E100,Listes!$E$2,"y")) | B99: =IF(ISBLANK(Candidats!E100),"",IF(Scrutateur!A99<10,"Benjamin",IF(Scrutateur!A99<14,"Junior 1",IF(Scrutateur!A99<18,"Junior 2",IF(Scrutateur!A99<40,"Adulte",IF(Scrutateur!A99<50,"Master 40+","Master 50+")))))) | C99: =IF(ISBLANK(Candidats!J100),"",DATEDIF(Candidats!J100,Listes!$E$2,"y")) | D99: =IF(ISBLANK(Candidats!J100),"",IF(Scrutateur!C99<10,"Benjamin",IF(Scrutateur!C99<14,"Junior 1",IF(Scrutateur!C99<18,"Junior 2",IF(Scrutateur!C99<40,"Adulte",IF(Scrutateur!C99<50,"Master 40+","Master 50+")))))) | E99: =IF(Candidats!$M100="OUI",IF(Candidats!$N100="","","Parapole - "&Candidats!$N100),IF(Candidats!$C100="","",IF(Candidats!$H100="",IF(OR($B99="Benjamin",$B99="Junior 1",$B99="Junior 2"),$B99,IF(Candidats!$F100="","",$B99&" "&Candidats!$F100)),IF(AND(COUNTIF($B99,"*Junior*")>0,COUNTIF($D99,"*Junior*")>0),"Double Juniors","Double Adultes"))))
A100: =IF(ISBLANK(Candidats!E101),"",DATEDIF(Candidats!E101,Listes!$E$2,"y")) | B100: =IF(ISBLANK(Candidats!E101),"",IF(Scrutateur!A100<10,"Benjamin",IF(Scrutateur!A100<14,"Junior 1",IF(Scrutateur!A100<18,"Junior 2",IF(Scrutateur!A100<40,"Adulte",IF(Scrutateur!A100<50,"Master 40+","Master 50+")))))) | C100: =IF(ISBLANK(Candidats!J101),"",DATEDIF(Candidats!J101,Listes!$E$2,"y")) | D100: =IF(ISBLANK(Candidats!J101),"",IF(Scrutateur!C100<10,"Benjamin",IF(Scrutateur!C100<14,"Junior 1",IF(Scrutateur!C100<18,"Junior 2",IF(Scrutateur!C100<40,"Adulte",IF(Scrutateur!C100<50,"Master 40+","Master 50+")))))) | E100: =IF(Candidats!$M101="OUI",IF(Candidats!$N101="","","Parapole - "&Candidats!$N101),IF(Candidats!$C101="","",IF(Candidats!$H101="",IF(OR($B100="Benjamin",$B100="Junior 1",$B100="Junior 2"),$B100,IF(Candidats!$F101="","",$B100&" "&Candidats!$F101)),IF(AND(COUNTIF($B100,"*Junior*")>0,COUNTIF($D100,"*Junior*")>0),"Double Juniors","Double Adultes"))))
A101: =IF(ISBLANK(Candidats!E102),"",DATEDIF(Candidats!E102,Listes!$E$2,"y")) | B101: =IF(ISBLANK(Candidats!E102),"",IF(Scrutateur!A101<10,"Benjamin",IF(Scrutateur!A101<14,"Junior 1",IF(Scrutateur!A101<18,"Junior 2",IF(Scrutateur!A101<40,"Adulte",IF(Scrutateur!A101<50,"Master 40+","Master 50+")))))) | C101: =IF(ISBLANK(Candidats!J102),"",DATEDIF(Candidats!J102,Listes!$E$2,"y")) | D101: =IF(ISBLANK(Candidats!J102),"",IF(Scrutateur!C101<10,"Benjamin",IF(Scrutateur!C101<14,"Junior 1",IF(Scrutateur!C101<18,"Junior 2",IF(Scrutateur!C101<40,"Adulte",IF(Scrutateur!C101<50,"Master 40+","Master 50+")))))) | E101: =IF(Candidats!$M102="OUI",IF(Candidats!$N102="","","Parapole - "&Candidats!$N102),IF(Candidats!$C102="","",IF(Candidats!$H102="",IF(OR($B101="Benjamin",$B101="Junior 1",$B101="Junior 2"),$B101,IF(Candidats!$F102="","",$B101&" "&Candidats!$F102)),IF(AND(COUNTIF($B101,"*Junior*")>0,COUNTIF($D101,"*Junior*")>0),"Double Juniors","Double Adultes"))))
A102: =IF(ISBLANK(Candidats!E103),"",DATEDIF(Candidats!E103,Listes!$E$2,"y")) | B102: =IF(ISBLANK(Candidats!E103),"",IF(Scrutateur!A102<10,"Benjamin",IF(Scrutateur!A102<14,"Junior 1",IF(Scrutateur!A102<18,"Junior 2",IF(Scrutateur!A102<40,"Adulte",IF(Scrutateur!A102<50,"Master 40+","Master 50+")))))) | C102: =IF(ISBLANK(Candidats!J103),"",DATEDIF(Candidats!J103,Listes!$E$2,"y")) | D102: =IF(ISBLANK(Candidats!J103),"",IF(Scrutateur!C102<10,"Benjamin",IF(Scrutateur!C102<14,"Junior 1",IF(Scrutateur!C102<18,"Junior 2",IF(Scrutateur!C102<40,"Adulte",IF(Scrutateur!C102<50,"Master 40+","Master 50+")))))) | E102: =IF(Candidats!$M103="OUI",IF(Candidats!$N103="","","Parapole - "&Candidats!$N103),IF(Candidats!$C103="","",IF(Candidats!$H103="",IF(OR($B102="Benjamin",$B102="Junior 1",$B102="Junior 2"),$B102,IF(Candidats!$F103="","",$B102&" "&Candidats!$F103)),IF(AND(COUNTIF($B102,"*Junior*")>0,COUNTIF($D102,"*Junior*")>0),"Double Juniors","Double Adultes"))))
